<?xml version="1.0" encoding="UTF-8"?><MD_Metadata xmlns:gts="http://www.isotc211.org/2005/gts" xmlns:gco="http://www.isotc211.org/2005/gco" xmlns:xalan="http://xml.apache.org/xalan" xmlns:srv="http://www.isotc211.org/2005/srv" xmlns:gmx="http://www.isotc211.org/2005/gmx" xmlns:xlink="http://www.w3.org/1999/xlink" xmlns:xsi="http://www.w3.org/2001/XMLSchema-instance" xmlns:gml="http://www.opengis.net/gml" xmlns="http://www.isotc211.org/2005/gmd">
    <characterSet>
        <MD_CharacterSetCode codeList="http://www.isotc211.org/2005/resources/Codelist/gmxCodelists.xml#MD_CharacterSetCode" codeListValue="utf8" codeSpace="ISOTC211/19115">utf8</MD_CharacterSetCode>
    </characterSet>
    <hierarchyLevel>
        <MD_ScopeCode codeList="http://www.isotc211.org/2005/resources/Codelist/gmxCodelists.xml#MD_ScopeCode" codeListValue="dataset" codeSpace="ISOTC211/19115">dataset</MD_ScopeCode>
    </hierarchyLevel>
    <hierarchyLevelName>
        <gco:CharacterString>dataset</gco:CharacterString>
    </hierarchyLevelName>
    <contact gco:nilReason="missing"/>
    <dateStamp gco:nilReason="missing"/>
    <metadataStandardName>
        <gco:CharacterString>ISO 19139 Geographic Information - Metadata - Implementation Specification</gco:CharacterString>
    </metadataStandardName>
    <metadataStandardVersion>
        <gco:CharacterString>2007</gco:CharacterString>
    </metadataStandardVersion>
    <identificationInfo>
        <MD_DataIdentification>
            <citation gco:nilReason="missing"/>
            <abstract>
                <gco:CharacterString>Connecticut and Vicinity Town Boundary data are intended for geographic display of state, county and town (municipal) boundaries at statewide and regional levels. Use it to map and label towns on a map. These data are derived from Northeastern United States Political Boundary Master layer.
This information should be displayed and analyzed at scales appropriate for 1:24,000-scale data. The State of Connecticut, Department of Environmental Protection (CTDEP) assembled this regional data layer using data from other states in order to create a single, seamless representation of political boundaries within the vicinity of Connecticut that could be easily incorporated into mapping applications as background information. More accurate and up-to-date information may be available from individual State government Geographic Information System (GIS) offices. Not intended for maps printed at map scales greater or more detailed than 1:24,000 scale (1 inch = 2,000 feet.)</gco:CharacterString>
            </abstract>
            <purpose>
                <gco:CharacterString>Connecticut and Vicinity Town Boundary Set includes: CT Vicinity Town Lines, CT Vicinity Town Polygon
</gco:CharacterString>
            </purpose>
            <credit>
                <gco:CharacterString>CTDEEP</gco:CharacterString>
            </credit>
            <descriptiveKeywords>
                <MD_Keywords>
                    <keyword>
                        <gco:CharacterString>Boundaries</gco:CharacterString>
                    </keyword>
                    <keyword>
                        <gco:CharacterString>Boundary</gco:CharacterString>
                    </keyword>
                    <keyword>
                        <gco:CharacterString>Vicinity</gco:CharacterString>
                    </keyword>
                    <keyword>
                        <gco:CharacterString>Connecticut Vicinity</gco:CharacterString>
                    </keyword>
                    <keyword>
                        <gco:CharacterString>Towns</gco:CharacterString>
                    </keyword>
                    <keyword>
                        <gco:CharacterString>town</gco:CharacterString>
                    </keyword>
                    <keyword>
                        <gco:CharacterString>ct</gco:CharacterString>
                    </keyword>
                    <keyword>
                        <gco:CharacterString>open data</gco:CharacterString>
                    </keyword>
                    <keyword>
                        <gco:CharacterString>open</gco:CharacterString>
                    </keyword>
                    <keyword>
                        <gco:CharacterString>data</gco:CharacterString>
                    </keyword>
                    <keyword>
                        <gco:CharacterString>DEEP</gco:CharacterString>
                    </keyword>
                    <keyword>
                        <gco:CharacterString>CTDEEP</gco:CharacterString>
                    </keyword>
                    <keyword>
                        <gco:CharacterString>set</gco:CharacterString>
                    </keyword>
                </MD_Keywords>
            </descriptiveKeywords>
            <descriptiveKeywords>
                <MD_Keywords>
                    <keyword>
                        <gco:CharacterString>Boundaries</gco:CharacterString>
                    </keyword>
                    <keyword>
                        <gco:CharacterString>Boundary</gco:CharacterString>
                    </keyword>
                    <keyword>
                        <gco:CharacterString>Vicinity</gco:CharacterString>
                    </keyword>
                    <keyword>
                        <gco:CharacterString>Connecticut Vicinity</gco:CharacterString>
                    </keyword>
                    <keyword>
                        <gco:CharacterString>Towns</gco:CharacterString>
                    </keyword>
                    <keyword>
                        <gco:CharacterString>town</gco:CharacterString>
                    </keyword>
                    <keyword>
                        <gco:CharacterString>ct</gco:CharacterString>
                    </keyword>
                    <keyword>
                        <gco:CharacterString>open data</gco:CharacterString>
                    </keyword>
                    <keyword>
                        <gco:CharacterString>open</gco:CharacterString>
                    </keyword>
                    <keyword>
                        <gco:CharacterString>data</gco:CharacterString>
                    </keyword>
                    <keyword>
                        <gco:CharacterString>DEEP</gco:CharacterString>
                    </keyword>
                    <keyword>
                        <gco:CharacterString>CTDEEP</gco:CharacterString>
                    </keyword>
                    <keyword>
                        <gco:CharacterString>set</gco:CharacterString>
                    </keyword>
                </MD_Keywords>
            </descriptiveKeywords>
            <descriptiveKeywords>
                <MD_Keywords>
                    <keyword>
                        <gco:CharacterString>Boundaries</gco:CharacterString>
                    </keyword>
                    <keyword>
                        <gco:CharacterString>Boundary</gco:CharacterString>
                    </keyword>
                    <keyword>
                        <gco:CharacterString>Vicinity</gco:CharacterString>
                    </keyword>
                    <keyword>
                        <gco:CharacterString>Connecticut Vicinity</gco:CharacterString>
                    </keyword>
                    <keyword>
                        <gco:CharacterString>Towns</gco:CharacterString>
                    </keyword>
                    <keyword>
                        <gco:CharacterString>town</gco:CharacterString>
                    </keyword>
                    <keyword>
                        <gco:CharacterString>ct</gco:CharacterString>
                    </keyword>
                    <keyword>
                        <gco:CharacterString>open data</gco:CharacterString>
                    </keyword>
                    <keyword>
                        <gco:CharacterString>open</gco:CharacterString>
                    </keyword>
                    <keyword>
                        <gco:CharacterString>data</gco:CharacterString>
                    </keyword>
                    <keyword>
                        <gco:CharacterString>DEEP</gco:CharacterString>
                    </keyword>
                    <keyword>
                        <gco:CharacterString>CTDEEP</gco:CharacterString>
                    </keyword>
                    <keyword>
                        <gco:CharacterString>set</gco:CharacterString>
                    </keyword>
                </MD_Keywords>
            </descriptiveKeywords>
            <descriptiveKeywords>
                <MD_Keywords>
                    <keyword>
                        <gco:CharacterString>Boundaries</gco:CharacterString>
                    </keyword>
                    <keyword>
                        <gco:CharacterString>Boundary</gco:CharacterString>
                    </keyword>
                    <keyword>
                        <gco:CharacterString>Vicinity</gco:CharacterString>
                    </keyword>
                    <keyword>
                        <gco:CharacterString>Connecticut Vicinity</gco:CharacterString>
                    </keyword>
                    <keyword>
                        <gco:CharacterString>Towns</gco:CharacterString>
                    </keyword>
                    <keyword>
                        <gco:CharacterString>town</gco:CharacterString>
                    </keyword>
                    <keyword>
                        <gco:CharacterString>ct</gco:CharacterString>
                    </keyword>
                    <keyword>
                        <gco:CharacterString>open data</gco:CharacterString>
                    </keyword>
                    <keyword>
                        <gco:CharacterString>open</gco:CharacterString>
                    </keyword>
                    <keyword>
                        <gco:CharacterString>data</gco:CharacterString>
                    </keyword>
                    <keyword>
                        <gco:CharacterString>DEEP</gco:CharacterString>
                    </keyword>
                    <keyword>
                        <gco:CharacterString>CTDEEP</gco:CharacterString>
                    </keyword>
                    <keyword>
                        <gco:CharacterString>set</gco:CharacterString>
                    </keyword>
                </MD_Keywords>
            </descriptiveKeywords>
            <descriptiveKeywords>
                <MD_Keywords>
                    <keyword>
                        <gco:CharacterString>Boundaries</gco:CharacterString>
                    </keyword>
                    <keyword>
                        <gco:CharacterString>Boundary</gco:CharacterString>
                    </keyword>
                    <keyword>
                        <gco:CharacterString>Vicinity</gco:CharacterString>
                    </keyword>
                    <keyword>
                        <gco:CharacterString>Connecticut Vicinity</gco:CharacterString>
                    </keyword>
                    <keyword>
                        <gco:CharacterString>Towns</gco:CharacterString>
                    </keyword>
                    <keyword>
                        <gco:CharacterString>town</gco:CharacterString>
                    </keyword>
                    <keyword>
                        <gco:CharacterString>ct</gco:CharacterString>
                    </keyword>
                    <keyword>
                        <gco:CharacterString>open data</gco:CharacterString>
                    </keyword>
                    <keyword>
                        <gco:CharacterString>open</gco:CharacterString>
                    </keyword>
                    <keyword>
                        <gco:CharacterString>data</gco:CharacterString>
                    </keyword>
                    <keyword>
                        <gco:CharacterString>DEEP</gco:CharacterString>
                    </keyword>
                    <keyword>
                        <gco:CharacterString>CTDEEP</gco:CharacterString>
                    </keyword>
                    <keyword>
                        <gco:CharacterString>set</gco:CharacterString>
                    </keyword>
                </MD_Keywords>
            </descriptiveKeywords>
            <descriptiveKeywords>
                <MD_Keywords>
                    <keyword>
                        <gco:CharacterString>Boundaries</gco:CharacterString>
                    </keyword>
                    <keyword>
                        <gco:CharacterString>Boundary</gco:CharacterString>
                    </keyword>
                    <keyword>
                        <gco:CharacterString>Vicinity</gco:CharacterString>
                    </keyword>
                    <keyword>
                        <gco:CharacterString>Connecticut Vicinity</gco:CharacterString>
                    </keyword>
                    <keyword>
                        <gco:CharacterString>Towns</gco:CharacterString>
                    </keyword>
                    <keyword>
                        <gco:CharacterString>town</gco:CharacterString>
                    </keyword>
                    <keyword>
                        <gco:CharacterString>ct</gco:CharacterString>
                    </keyword>
                    <keyword>
                        <gco:CharacterString>open data</gco:CharacterString>
                    </keyword>
                    <keyword>
                        <gco:CharacterString>open</gco:CharacterString>
                    </keyword>
                    <keyword>
                        <gco:CharacterString>data</gco:CharacterString>
                    </keyword>
                    <keyword>
                        <gco:CharacterString>DEEP</gco:CharacterString>
                    </keyword>
                    <keyword>
                        <gco:CharacterString>CTDEEP</gco:CharacterString>
                    </keyword>
                    <keyword>
                        <gco:CharacterString>set</gco:CharacterString>
                    </keyword>
                </MD_Keywords>
            </descriptiveKeywords>
            <descriptiveKeywords>
                <MD_Keywords>
                    <keyword>
                        <gco:CharacterString>Boundaries</gco:CharacterString>
                    </keyword>
                    <keyword>
                        <gco:CharacterString>Boundary</gco:CharacterString>
                    </keyword>
                    <keyword>
                        <gco:CharacterString>Vicinity</gco:CharacterString>
                    </keyword>
                    <keyword>
                        <gco:CharacterString>Connecticut Vicinity</gco:CharacterString>
                    </keyword>
                    <keyword>
                        <gco:CharacterString>Towns</gco:CharacterString>
                    </keyword>
                    <keyword>
                        <gco:CharacterString>town</gco:CharacterString>
                    </keyword>
                    <keyword>
                        <gco:CharacterString>ct</gco:CharacterString>
                    </keyword>
                    <keyword>
                        <gco:CharacterString>open data</gco:CharacterString>
                    </keyword>
                    <keyword>
                        <gco:CharacterString>open</gco:CharacterString>
                    </keyword>
                    <keyword>
                        <gco:CharacterString>data</gco:CharacterString>
                    </keyword>
                    <keyword>
                        <gco:CharacterString>DEEP</gco:CharacterString>
                    </keyword>
                    <keyword>
                        <gco:CharacterString>CTDEEP</gco:CharacterString>
                    </keyword>
                    <keyword>
                        <gco:CharacterString>set</gco:CharacterString>
                    </keyword>
                </MD_Keywords>
            </descriptiveKeywords>
            <descriptiveKeywords>
                <MD_Keywords>
                    <keyword>
                        <gco:CharacterString>Boundaries</gco:CharacterString>
                    </keyword>
                    <keyword>
                        <gco:CharacterString>Boundary</gco:CharacterString>
                    </keyword>
                    <keyword>
                        <gco:CharacterString>Vicinity</gco:CharacterString>
                    </keyword>
                    <keyword>
                        <gco:CharacterString>Connecticut Vicinity</gco:CharacterString>
                    </keyword>
                    <keyword>
                        <gco:CharacterString>Towns</gco:CharacterString>
                    </keyword>
                    <keyword>
                        <gco:CharacterString>town</gco:CharacterString>
                    </keyword>
                    <keyword>
                        <gco:CharacterString>ct</gco:CharacterString>
                    </keyword>
                    <keyword>
                        <gco:CharacterString>open data</gco:CharacterString>
                    </keyword>
                    <keyword>
                        <gco:CharacterString>open</gco:CharacterString>
                    </keyword>
                    <keyword>
                        <gco:CharacterString>data</gco:CharacterString>
                    </keyword>
                    <keyword>
                        <gco:CharacterString>DEEP</gco:CharacterString>
                    </keyword>
                    <keyword>
                        <gco:CharacterString>CTDEEP</gco:CharacterString>
                    </keyword>
                    <keyword>
                        <gco:CharacterString>set</gco:CharacterString>
                    </keyword>
                </MD_Keywords>
            </descriptiveKeywords>
            <descriptiveKeywords>
                <MD_Keywords>
                    <keyword>
                        <gco:CharacterString>Boundaries</gco:CharacterString>
                    </keyword>
                    <keyword>
                        <gco:CharacterString>Boundary</gco:CharacterString>
                    </keyword>
                    <keyword>
                        <gco:CharacterString>Vicinity</gco:CharacterString>
                    </keyword>
                    <keyword>
                        <gco:CharacterString>Connecticut Vicinity</gco:CharacterString>
                    </keyword>
                    <keyword>
                        <gco:CharacterString>Towns</gco:CharacterString>
                    </keyword>
                    <keyword>
                        <gco:CharacterString>town</gco:CharacterString>
                    </keyword>
                    <keyword>
                        <gco:CharacterString>ct</gco:CharacterString>
                    </keyword>
                    <keyword>
                        <gco:CharacterString>open data</gco:CharacterString>
                    </keyword>
                    <keyword>
                        <gco:CharacterString>open</gco:CharacterString>
                    </keyword>
                    <keyword>
                        <gco:CharacterString>data</gco:CharacterString>
                    </keyword>
                    <keyword>
                        <gco:CharacterString>DEEP</gco:CharacterString>
                    </keyword>
                    <keyword>
                        <gco:CharacterString>CTDEEP</gco:CharacterString>
                    </keyword>
                    <keyword>
                        <gco:CharacterString>set</gco:CharacterString>
                    </keyword>
                </MD_Keywords>
            </descriptiveKeywords>
            <descriptiveKeywords>
                <MD_Keywords>
                    <keyword>
                        <gco:CharacterString>Boundaries</gco:CharacterString>
                    </keyword>
                    <keyword>
                        <gco:CharacterString>Boundary</gco:CharacterString>
                    </keyword>
                    <keyword>
                        <gco:CharacterString>Vicinity</gco:CharacterString>
                    </keyword>
                    <keyword>
                        <gco:CharacterString>Connecticut Vicinity</gco:CharacterString>
                    </keyword>
                    <keyword>
                        <gco:CharacterString>Towns</gco:CharacterString>
                    </keyword>
                    <keyword>
                        <gco:CharacterString>town</gco:CharacterString>
                    </keyword>
                    <keyword>
                        <gco:CharacterString>ct</gco:CharacterString>
                    </keyword>
                    <keyword>
                        <gco:CharacterString>open data</gco:CharacterString>
                    </keyword>
                    <keyword>
                        <gco:CharacterString>open</gco:CharacterString>
                    </keyword>
                    <keyword>
                        <gco:CharacterString>data</gco:CharacterString>
                    </keyword>
                    <keyword>
                        <gco:CharacterString>DEEP</gco:CharacterString>
                    </keyword>
                    <keyword>
                        <gco:CharacterString>CTDEEP</gco:CharacterString>
                    </keyword>
                    <keyword>
                        <gco:CharacterString>set</gco:CharacterString>
                    </keyword>
                </MD_Keywords>
            </descriptiveKeywords>
            <descriptiveKeywords>
                <MD_Keywords>
                    <keyword>
                        <gco:CharacterString>Boundaries</gco:CharacterString>
                    </keyword>
                    <keyword>
                        <gco:CharacterString>Boundary</gco:CharacterString>
                    </keyword>
                    <keyword>
                        <gco:CharacterString>Vicinity</gco:CharacterString>
                    </keyword>
                    <keyword>
                        <gco:CharacterString>Connecticut Vicinity</gco:CharacterString>
                    </keyword>
                    <keyword>
                        <gco:CharacterString>Towns</gco:CharacterString>
                    </keyword>
                    <keyword>
                        <gco:CharacterString>town</gco:CharacterString>
                    </keyword>
                    <keyword>
                        <gco:CharacterString>ct</gco:CharacterString>
                    </keyword>
                    <keyword>
                        <gco:CharacterString>open data</gco:CharacterString>
                    </keyword>
                    <keyword>
                        <gco:CharacterString>open</gco:CharacterString>
                    </keyword>
                    <keyword>
                        <gco:CharacterString>data</gco:CharacterString>
                    </keyword>
                    <keyword>
                        <gco:CharacterString>DEEP</gco:CharacterString>
                    </keyword>
                    <keyword>
                        <gco:CharacterString>CTDEEP</gco:CharacterString>
                    </keyword>
                    <keyword>
                        <gco:CharacterString>set</gco:CharacterString>
                    </keyword>
                </MD_Keywords>
            </descriptiveKeywords>
            <descriptiveKeywords>
                <MD_Keywords>
                    <keyword>
                        <gco:CharacterString>Boundaries</gco:CharacterString>
                    </keyword>
                    <keyword>
                        <gco:CharacterString>Boundary</gco:CharacterString>
                    </keyword>
                    <keyword>
                        <gco:CharacterString>Vicinity</gco:CharacterString>
                    </keyword>
                    <keyword>
                        <gco:CharacterString>Connecticut Vicinity</gco:CharacterString>
                    </keyword>
                    <keyword>
                        <gco:CharacterString>Towns</gco:CharacterString>
                    </keyword>
                    <keyword>
                        <gco:CharacterString>town</gco:CharacterString>
                    </keyword>
                    <keyword>
                        <gco:CharacterString>ct</gco:CharacterString>
                    </keyword>
                    <keyword>
                        <gco:CharacterString>open data</gco:CharacterString>
                    </keyword>
                    <keyword>
                        <gco:CharacterString>open</gco:CharacterString>
                    </keyword>
                    <keyword>
                        <gco:CharacterString>data</gco:CharacterString>
                    </keyword>
                    <keyword>
                        <gco:CharacterString>DEEP</gco:CharacterString>
                    </keyword>
                    <keyword>
                        <gco:CharacterString>CTDEEP</gco:CharacterString>
                    </keyword>
                    <keyword>
                        <gco:CharacterString>set</gco:CharacterString>
                    </keyword>
                </MD_Keywords>
            </descriptiveKeywords>
            <descriptiveKeywords>
                <MD_Keywords>
                    <keyword>
                        <gco:CharacterString>Boundaries</gco:CharacterString>
                    </keyword>
                    <keyword>
                        <gco:CharacterString>Boundary</gco:CharacterString>
                    </keyword>
                    <keyword>
                        <gco:CharacterString>Vicinity</gco:CharacterString>
                    </keyword>
                    <keyword>
                        <gco:CharacterString>Connecticut Vicinity</gco:CharacterString>
                    </keyword>
                    <keyword>
                        <gco:CharacterString>Towns</gco:CharacterString>
                    </keyword>
                    <keyword>
                        <gco:CharacterString>town</gco:CharacterString>
                    </keyword>
                    <keyword>
                        <gco:CharacterString>ct</gco:CharacterString>
                    </keyword>
                    <keyword>
                        <gco:CharacterString>open data</gco:CharacterString>
                    </keyword>
                    <keyword>
                        <gco:CharacterString>open</gco:CharacterString>
                    </keyword>
                    <keyword>
                        <gco:CharacterString>data</gco:CharacterString>
                    </keyword>
                    <keyword>
                        <gco:CharacterString>DEEP</gco:CharacterString>
                    </keyword>
                    <keyword>
                        <gco:CharacterString>CTDEEP</gco:CharacterString>
                    </keyword>
                    <keyword>
                        <gco:CharacterString>set</gco:CharacterString>
                    </keyword>
                </MD_Keywords>
            </descriptiveKeywords>
            <resourceConstraints>
                <MD_Constraints>
                    <useLimitation>
                        <gco:CharacterString>&amp;lt;a
rel=&amp;quot;license&amp;quot;
href=&amp;quot;https://creativecommons.org/licenses/by/4.0/&amp;quot;&amp;gt;&amp;lt;img
alt=&amp;quot;Creative Commons License&amp;quot; style=&amp;quot;border-width:0&amp;quot;
src=&amp;quot;https://i.creativecommons.org/l/by/4.0/88x31.png&amp;quot;
/&amp;gt;&amp;lt;/a&amp;gt;&amp;lt;br /&amp;gt;This work is licensed under a &amp;lt;a
rel=&amp;quot;license&amp;quot; href=&amp;quot;https://creativecommons.org/licenses/by/4.0/&amp;quot;&amp;gt;Creative
Commons Attribution 4.0 International License&amp;lt;/a&amp;gt;.</gco:CharacterString>
                    </useLimitation>
                </MD_Constraints>
            </resourceConstraints>
            <language gco:nilReason="missing"/>
            <characterSet>
                <MD_CharacterSetCode codeList="http://www.isotc211.org/2005/resources/Codelist/gmxCodelists.xml#MD_CharacterSetCode" codeListValue="utf8" codeSpace="ISOTC211/19115">utf8</MD_CharacterSetCode>
            </characterSet>
        </MD_DataIdentification>
    </identificationInfo>
</MD_Metadata>
